run_id,epoch,train_loss,val_loss,val_acc,best_val_acc,lr_max
20260414_024251,1,1.570559147015214,0.0015543552999570966,0.525,0.525,0.0004986304738420684
